{"stats":{"minecraft:dropped":{"cataclysm:ignitium_leggings":1,"cataclysm:bloom_stone_pauldrons":1,"minecraft:lead":1,"minecraft:enchanted_golden_apple":64,"magistuarmory:torse_and_mantle_decoration":1,"minecraft:stick":2,"cataclysm:necklace_of_the_desert":2,"biomesoplenty:fir_planks":64,"cataclysm:bone_reptile_chestplate":1,"magistuarmory:rusted_bastardsword":1,"minecraft:written_book":10,"cataclysm:ignitium_boots":1,"cataclysm:bone_reptile_helmet":1,"biomesoplenty:fir_log":34},"minecraft:crafted":{"minecraft:oak_planks":40,"minecraft:crafting_table":1,"minecraft:wooden_pickaxe":1,"biomesoplenty:fir_planks":128,"minecraft:stick":4},"minecraft:killed":{"mowziesmobs:umvuthi":1,"cataclysm:the_harbinger":4,"minecraft:skeleton":3,"mowziesmobs:umvuthana_crane":8,"mowziesmobs:umvuthana":6},"minecraft:picked_up":{"cataclysm:bloom_stone_pauldrons":1,"minecraft:wheat":1,"minecraft:feather":9,"cataclysm:monstrous_horn":1,"minecraft:lead":2,"minecraft:wooden_pickaxe":1,"biomesoplenty:fir_sapling":13,"biomesoplenty:fir_log":67,"cataclysm:bone_reptile_helmet":1,"minecraft:oak_log":10,"cataclysm:abyss_eye":9,"cataclysm:ignitium_boots":1,"cataclysm:gauntlet_of_guard":2,"minecraft:dirt":51,"minecraft:raw_copper":1,"minecraft:iron_axe":1,"minecraft:bone":1,"cataclysm:infernal_forge":3,"minecraft:apple":1,"minecraft:wheat_seeds":7,"biomesoplenty:fir_planks":192,"cataclysm:void_core":1,"minecraft:redstone_torch":1,"minecraft:written_book":1,"minecraft:enchanted_golden_apple":64,"cataclysm:necklace_of_the_desert":2,"mowziesmobs:umvuthana_mask_misery":1,"minecraft:sculk_catalyst":2,"minecraft:stick":10,"mowziesmobs:sol_visage":1,"cataclysm:witherite_block":3,"cataclysm:remnant_skull":1,"minecraft:diorite":3,"minecraft:carrot":1,"cataclysm:ancient_metal_block":1,"mowziesmobs:umvuthana_mask_faith":3,"minecraft:arrow":3,"cataclysm:music_disc_netherite_monstrosity":1,"cataclysm:bone_reptile_chestplate":1,"magistuarmory:rusted_bastardsword":1,"magistuarmory:torse_and_mantle_decoration":1,"cataclysm:athame":7,"cataclysm:crystallized_coral_fragments":1,"minecraft:granite":1,"minecraft:oak_sapling":7,"cataclysm:ignitium_leggings":1,"minecraft:cobblestone":73},"minecraft:mined":{"mowziesmobs:clawed_log":1,"minecraft:grass_block":27,"biomesoplenty:tundra_shrub":6,"minecraft:ice":1,"biomesoplenty:fir_log":1,"treechop:chopped_log":2,"minecraft:grass":11,"biomesoplenty:fir_leaves":2,"minecraft:oak_log":3,"minecraft:dirt_path":1,"biomesoplenty:webbing":4,"minecraft:dirt":20,"biomesoplenty:stringy_cobweb":1,"minecraft:oak_leaves":3,"minecraft:redstone_wall_torch":1,"minecraft:fern":7},"minecraft:custom":{"minecraft:mob_kills":24,"minecraft:interact_with_crafting_table":1,"minecraft:damage_dealt_resisted":52,"minecraft:leave_game":14,"minecraft:time_since_death":0,"minecraft:sleep_in_bed":8,"minecraft:climb_one_cm":2474,"minecraft:damage_resisted":207531,"minecraft:time_since_rest":2917,"minecraft:sprint_one_cm":331424,"minecraft:damage_absorbed":959,"minecraft:damage_taken":9969,"minecraft:walk_one_cm":121495,"minecraft:drop":26,"minecraft:damage_dealt":2505,"minecraft:swim_one_cm":33516,"minecraft:fly_one_cm":621480,"minecraft:open_chest":2,"minecraft:crouch_one_cm":12010,"minecraft:play_time":128849,"minecraft:sneak_time":8342,"minecraft:deaths":32,"minecraft:walk_under_water_one_cm":16664,"minecraft:jump":1653,"minecraft:walk_on_water_one_cm":12439,"minecraft:total_world_time":128849,"minecraft:fall_one_cm":81955},"minecraft:killed_by":{"man:managgresive":1,"minecraft:player":1,"mowziesmobs:umvuthana":1,"minecraft:skeleton":4,"minecraft:stray":1,"minecraft:creeper":1,"minecraft:zombie":6,"cataclysm:netherite_monstrosity":1,"cataclysm:the_leviathan":1,"cataclysm:the_harbinger":3,"mowziesmobs:umvuthi":1},"minecraft:used":{"cataclysm:monstrous_helm":1,"cataclysm:ignis_spawn_egg":10,"cataclysm:coral_golem_spawn_egg":12,"cataclysm:endermaptera_spawn_egg":9,"jeg:combat_rifle":308,"minecraft:carved_pumpkin":1,"cataclysm:deepling_priest_spawn_egg":28,"cataclysm:ender_golem_spawn_egg":16,"minecraft:wooden_pickaxe":13,"biomesoplenty:fir_planks":1,"cataclysm:lionfish_spawn_egg":10,"mowziesmobs:umvuthana_crane_spawn_egg":2,"minecraft:iron_chestplate":1,"minecraft:dirt":29,"minecraft:diamond_block":4,"cataclysm:ancient_remnant_spawn_egg":1,"cataclysm:amethyst_crab_spawn_egg":11,"minecraft:crafting_table":1,"cataclysm:the_harbinger_spawn_egg":4,"cataclysm:deepling_angler_spawn_egg":17,"minecraft:carrot":4,"cataclysm:koboleton_spawn_egg":6,"cataclysm:the_prowler_spawn_egg":8,"cataclysm:deepling_spawn_egg":21,"cataclysm:wadjet_spawn_egg":1,"minecraft:warden_spawn_egg":76,"minecraft:redstone_torch":1,"cataclysm:ancient_metal_block":3,"cataclysm:infernal_forge":4,"the_knocker:knocker_spawn_egg":15,"cataclysm:ender_guardian_spawn_egg":24,"minecraft:apple":1,"cataclysm:ignited_revenant_spawn_egg":6,"cataclysm:deepling_warlock_spawn_egg":57,"cataclysm:the_baby_leviathan_spawn_egg":5,"biomesoplenty:fir_sapling":2,"minecraft:iron_axe":7,"cataclysm:ignited_berserker_spawn_egg":8,"minecraft:iron_helmet":1,"cataclysm:modern_remnant_spawn_egg":2,"minecraft:iron_boots":1,"mowziesmobs:umvuthi_spawn_egg":2,"cataclysm:athame":23,"cataclysm:kobolediator_spawn_egg":8,"cataclysm:coralssus_spawn_egg":10,"cataclysm:netherite_monstrosity_spawn_egg":21,"cataclysm:abyss_eye":16,"minecraft:cobblestone":1,"cataclysm:nameless_sorcerer_spawn_egg":21,"minecraft:written_book":1,"minecraft:oak_sapling":3,"cataclysm:deepling_brute_spawn_egg":17,"cataclysm:the_watcher_spawn_egg":12,"biomesoplenty:fir_log":1,"cataclysm:the_leviathan_spawn_egg":20,"minecraft:enchanted_golden_apple":6,"minecraft:iron_leggings":1}},"DataVersion":3465}