{"stats":{"minecraft:custom":{"minecraft:time_since_rest":71,"minecraft:sprint_one_cm":102743,"minecraft:damage_taken":1540,"minecraft:walk_one_cm":26400,"minecraft:mob_kills":3,"minecraft:drop":3,"minecraft:damage_dealt":567,"minecraft:swim_one_cm":11521,"minecraft:fly_one_cm":69622,"minecraft:open_chest":1,"minecraft:crouch_one_cm":1085,"minecraft:play_time":21182,"minecraft:deaths":6,"minecraft:sneak_time":1615,"minecraft:walk_under_water_one_cm":3386,"minecraft:jump":348,"minecraft:leave_game":8,"minecraft:walk_on_water_one_cm":6545,"minecraft:time_since_death":0,"minecraft:climb_one_cm":1060,"minecraft:total_world_time":21182,"minecraft:fall_one_cm":6257},"minecraft:used":{"minecraft:redstone_torch":1,"minecraft:apple":1,"minecraft:iron_axe":7,"minecraft:iron_helmet":1,"minecraft:iron_boots":1,"minecraft:iron_chestplate":1,"minecraft:dirt":8,"minecraft:iron_leggings":1},"minecraft:picked_up":{"minecraft:stick":6,"minecraft:oak_log":10,"minecraft:dirt":9,"minecraft:iron_axe":1,"minecraft:bone":1,"minecraft:arrow":3,"minecraft:apple":1,"minecraft:redstone_torch":1,"minecraft:oak_sapling":7},"minecraft:crafted":{"minecraft:oak_planks":40},"minecraft:killed_by":{"minecraft:stray":1,"minecraft:zombie":2},"minecraft:killed":{"minecraft:skeleton":3},"minecraft:dropped":{"minecraft:written_book":3},"minecraft:mined":{"minecraft:ice":1,"treechop:chopped_log":2,"minecraft:oak_log":3,"minecraft:oak_leaves":3,"minecraft:redstone_wall_torch":1}},"DataVersion":3465}