{"stats":{"minecraft:crafted":{"minecraft:birch_planks":52,"minecraft:crafting_table":1,"minecraft:stick":4,"minecraft:wooden_axe":1},"minecraft:picked_up":{"minecraft:birch_log":13,"minecraft:stick":3,"minecraft:birch_sapling":7},"minecraft:mined":{"minecraft:tall_grass":1,"treechop:chopped_log":2},"minecraft:custom":{"minecraft:open_chest":1,"minecraft:time_since_rest":964,"minecraft:crouch_one_cm":327,"minecraft:sprint_one_cm":13121,"minecraft:play_time":5058,"minecraft:deaths":1,"minecraft:damage_taken":415,"minecraft:walk_one_cm":8182,"minecraft:sneak_time":130,"minecraft:walk_under_water_one_cm":143,"minecraft:jump":130,"minecraft:leave_game":2,"minecraft:walk_on_water_one_cm":406,"minecraft:time_since_death":917,"minecraft:climb_one_cm":1135,"minecraft:total_world_time":5058,"minecraft:swim_one_cm":1416,"minecraft:interact_with_crafting_table":1,"minecraft:fall_one_cm":6695,"minecraft:fly_one_cm":24379},"minecraft:killed_by":{"minecraft:ravager":1},"minecraft:used":{"minecraft:crafting_table":1,"minecraft:birch_sapling":7}},"DataVersion":3465}