{"stats":{"minecraft:custom":{"minecraft:time_since_rest":348,"minecraft:sprint_one_cm":116490,"minecraft:damage_taken":1692,"minecraft:walk_one_cm":28790,"minecraft:mob_kills":3,"minecraft:drop":3,"minecraft:damage_dealt":567,"minecraft:swim_one_cm":13153,"minecraft:fly_one_cm":75266,"minecraft:open_chest":1,"minecraft:crouch_one_cm":1085,"minecraft:play_time":23327,"minecraft:deaths":6,"minecraft:sneak_time":1633,"minecraft:walk_under_water_one_cm":3653,"minecraft:jump":382,"minecraft:leave_game":10,"minecraft:walk_on_water_one_cm":6900,"minecraft:time_since_death":2121,"minecraft:sleep_in_bed":1,"minecraft:climb_one_cm":1153,"minecraft:total_world_time":23327,"minecraft:fall_one_cm":7590},"minecraft:used":{"minecraft:redstone_torch":1,"minecraft:apple":1,"minecraft:iron_axe":7,"minecraft:iron_helmet":1,"minecraft:iron_boots":1,"minecraft:iron_chestplate":1,"minecraft:dirt":8,"minecraft:iron_leggings":1},"minecraft:picked_up":{"minecraft:stick":6,"minecraft:oak_log":10,"minecraft:dirt":9,"minecraft:iron_axe":1,"minecraft:bone":1,"minecraft:arrow":3,"minecraft:apple":1,"minecraft:redstone_torch":1,"minecraft:oak_sapling":7},"minecraft:crafted":{"minecraft:oak_planks":40},"minecraft:killed_by":{"minecraft:stray":1,"minecraft:zombie":2},"minecraft:killed":{"minecraft:skeleton":3},"minecraft:dropped":{"minecraft:written_book":3},"minecraft:mined":{"minecraft:ice":1,"treechop:chopped_log":2,"minecraft:oak_log":3,"minecraft:oak_leaves":3,"minecraft:redstone_wall_torch":1}},"DataVersion":3465}