{"stats":{"minecraft:picked_up":{"minecraft:birch_log":7,"minecraft:stick":3,"minecraft:birch_sapling":2},"minecraft:custom":{"minecraft:jump":36,"minecraft:time_since_rest":1776,"minecraft:crouch_one_cm":243,"minecraft:leave_game":1,"minecraft:sprint_one_cm":6887,"minecraft:play_time":1776,"minecraft:damage_taken":80,"minecraft:time_since_death":1776,"minecraft:walk_one_cm":1896,"minecraft:sneak_time":86,"minecraft:climb_one_cm":96,"minecraft:total_world_time":1776,"minecraft:fall_one_cm":2615,"minecraft:fly_one_cm":7577},"minecraft:crafted":{"minecraft:birch_planks":28},"minecraft:mined":{"minecraft:tall_grass":1,"treechop:chopped_log":1},"minecraft:used":{"minecraft:birch_sapling":2}},"DataVersion":3465}