{"stats":{"minecraft:crafted":{"minecraft:oak_planks":40},"minecraft:killed_by":{"minecraft:stray":1,"minecraft:zombie":2},"minecraft:picked_up":{"minecraft:iron_axe":1,"minecraft:stick":6,"minecraft:bone":1,"minecraft:arrow":3,"minecraft:apple":1,"minecraft:redstone_torch":1,"minecraft:oak_log":10,"minecraft:oak_sapling":7,"minecraft:dirt":9},"minecraft:mined":{"minecraft:oak_log":3,"treechop:chopped_log":2,"minecraft:oak_leaves":3,"minecraft:redstone_wall_torch":1},"minecraft:killed":{"minecraft:skeleton":3},"minecraft:used":{"minecraft:iron_chestplate":1,"minecraft:iron_axe":7,"minecraft:iron_helmet":1,"minecraft:iron_boots":1,"minecraft:iron_leggings":1,"minecraft:redstone_torch":1,"minecraft:dirt":5},"minecraft:custom":{"minecraft:open_chest":1,"minecraft:time_since_rest":597,"minecraft:deaths":4,"minecraft:crouch_one_cm":627,"minecraft:sprint_one_cm":21062,"minecraft:play_time":12293,"minecraft:damage_taken":1046,"minecraft:walk_one_cm":11318,"minecraft:sneak_time":828,"minecraft:walk_under_water_one_cm":1546,"minecraft:mob_kills":3,"minecraft:jump":133,"minecraft:damage_dealt":483,"minecraft:leave_game":7,"minecraft:walk_on_water_one_cm":5312,"minecraft:time_since_death":536,"minecraft:total_world_time":12293,"minecraft:climb_one_cm":1060,"minecraft:swim_one_cm":3016,"minecraft:fly_one_cm":11731,"minecraft:fall_one_cm":2067}},"DataVersion":3465}