{"stats":{"minecraft:killed":{"minecraft:skeleton":3},"minecraft:picked_up":{"minecraft:stick":6,"minecraft:oak_log":10,"minecraft:dirt":9,"minecraft:iron_axe":1,"minecraft:bone":1,"minecraft:arrow":3,"minecraft:apple":1,"minecraft:redstone_torch":1,"minecraft:oak_sapling":7},"minecraft:crafted":{"minecraft:oak_planks":40},"minecraft:mined":{"minecraft:ice":1,"mowziesmobs:clawed_log":1,"treechop:chopped_log":2,"minecraft:grass":1,"minecraft:oak_log":3,"minecraft:oak_leaves":3,"minecraft:redstone_wall_torch":1},"minecraft:used":{"minecraft:redstone_torch":1,"minecraft:apple":1,"minecraft:iron_axe":7,"minecraft:iron_helmet":1,"minecraft:iron_boots":1,"minecraft:iron_chestplate":1,"minecraft:dirt":9,"minecraft:written_book":1,"minecraft:oak_sapling":2,"minecraft:iron_leggings":1},"minecraft:dropped":{"minecraft:written_book":3},"minecraft:custom":{"minecraft:time_since_rest":1013,"minecraft:sprint_one_cm":126928,"minecraft:damage_taken":2736,"minecraft:walk_one_cm":33811,"minecraft:mob_kills":3,"minecraft:drop":3,"minecraft:damage_dealt":591,"minecraft:swim_one_cm":29993,"minecraft:fly_one_cm":92911,"minecraft:open_chest":2,"minecraft:crouch_one_cm":1994,"minecraft:play_time":29114,"minecraft:deaths":10,"minecraft:sneak_time":2105,"minecraft:walk_under_water_one_cm":10919,"minecraft:jump":433,"minecraft:leave_game":11,"minecraft:walk_on_water_one_cm":8608,"minecraft:time_since_death":981,"minecraft:sleep_in_bed":1,"minecraft:climb_one_cm":1345,"minecraft:total_world_time":29114,"minecraft:fall_one_cm":8426},"minecraft:killed_by":{"mowziesmobs:umvuthana":1,"minecraft:stray":1,"minecraft:zombie":3,"mowziesmobs:umvuthi":1}},"DataVersion":3465}