{"stats":{"minecraft:custom":{"minecraft:open_barrel":1,"minecraft:time_since_rest":7062,"minecraft:crouch_one_cm":263,"minecraft:sprint_one_cm":38676,"minecraft:play_time":17254,"minecraft:walk_one_cm":41494,"minecraft:sneak_time":192,"minecraft:mob_kills":18,"minecraft:drop":4,"minecraft:jump":170,"minecraft:damage_dealt":35,"minecraft:interact_with_blast_furnace":1,"minecraft:leave_game":2,"minecraft:walk_on_water_one_cm":281,"minecraft:time_since_death":17254,"minecraft:sleep_in_bed":1,"minecraft:total_world_time":17254,"minecraft:climb_one_cm":28,"minecraft:talked_to_villager":2,"minecraft:fall_one_cm":1370,"minecraft:fly_one_cm":276695,"minecraft:open_chest":2},"minecraft:dropped":{"man:cassette_1safetyinstructions":3,"mowziesmobs:earth_talisman":1},"minecraft:picked_up":{"man:cassette_1safetyinstructions":3,"mowziesmobs:earth_talisman":1,"minecraft:crossbow":1,"minecraft:iron_sword":1},"minecraft:used":{"jeg:blossom_rifle":215},"minecraft:killed":{"minecraft:sheep":1,"guardvillagers:guard":5,"minecraft:villager":5,"minecraft:cow":7}},"DataVersion":3465}