{"stats":{"minecraft:dropped":{"minecraft:golden_boots":1,"iceandfire:raw_silver":2,"minecraft:birch_planks":5,"minecraft:wheat_seeds":1,"minecraft:oak_log":2,"minecraft:diamond":1,"biomesoplenty:lavender":3,"minecraft:cobblestone":112,"man:cassette_1safetyinstructions":4,"minecraft:granite":3,"iceandfire:ectoplasm":3,"minecraft:emerald":1,"minecraft:item_frame":1,"minecraft:stick":4,"minecraft:pufferfish":1,"born_in_chaos_v1:monster_flesh":2,"minecraft:dirt":1,"born_in_chaos_v1:black_argillite":1,"minecraft:horn_coral":1,"minecraft:white_wool":1,"minecraft:bone":2,"minecraft:armor_stand":1,"biomesoplenty:redwood_sapling":54,"minecraft:birch_sapling":5,"born_in_chaos_v1:ethereal_spirit":1,"undead_revamp2:arapholia":1,"born_in_chaos_v1:rotten_fish":1,"minecraft:rotten_flesh":3,"minecraft:light_gray_wool":1,"minecraft:cooked_mutton":2,"minecraft:recovery_compass":1,"magistuarmory:chainmail_horse_armor":1,"born_in_chaos_v1:corpse_maggot":2,"minecraft:arrow":1,"minecraft:wooden_pickaxe":1,"minecraft:written_book":4,"minecraft:black_wool":1},"minecraft:broken":{"minecraft:stone_pickaxe":3,"minecraft:iron_pickaxe":2,"minecraft:wooden_axe":1},"minecraft:mined":{"minecraft:white_bed":3,"iceandfire:silver_ore":9,"minecraft:granite":70,"minecraft:grass_block":6,"born_in_chaos_v1:black_argillite":1,"minecraft:furnace":1,"minecraft:iron_ore":79,"biomesoplenty:lavender":2,"minecraft:andesite":70,"treechop:chopped_log":5,"minecraft:gold_block":2,"minecraft:stone":446,"minecraft:green_bed":1,"jeg:scrap_ore":56,"minecraft:crafting_table":3,"minecraft:torch":9,"minecraft:tall_grass":2,"minecraft:copper_ore":61,"minecraft:cobblestone":18,"minecraft:lapis_ore":8,"minecraft:diorite":30,"minecraft:wall_torch":6,"minecraft:birch_sapling":1,"minecraft:cyan_wool":3,"minecraft:birch_planks":8,"minecraft:birch_log":1,"minecraft:grass":2,"minecraft:oak_log":2,"minecraft:coal_ore":80,"minecraft:gravel":15,"minecraft:dirt":16,"minecraft:gold_ore":6,"biomesoplenty:redwood_wood":1},"minecraft:crafted":{"minecraft:furnace":2,"minecraft:cooked_mutton":3,"jeg:scrap_workbench":1,"minecraft:stone_pickaxe":3,"minecraft:chest":2,"minecraft:cooked_porkchop":15,"minecraft:crafting_table":2,"biomesoplenty:redwood_planks":76,"minecraft:wooden_pickaxe":1,"minecraft:birch_planks":92,"minecraft:stone_axe":1,"minecraft:air":0,"jeg:scrap_block":3,"minecraft:stick":28,"minecraft:iron_ingot":80,"minecraft:iron_pickaxe":3,"minecraft:wooden_axe":1,"minecraft:white_bed":1,"jeg:scrap":18,"minecraft:torch":16},"minecraft:killed_by":{"iceandfire:cyclops":3,"born_in_chaos_v1:decaying_zombie":1,"minecraft:zombie":1,"iceandfire:ghost":1},"minecraft:killed":{"born_in_chaos_v1:restless_spirit":1,"born_in_chaos_v1:zombie_lumberjack":1,"born_in_chaos_v1:maggot":2,"born_in_chaos_v1:barrel_zombie":1,"artifacts:mimic":1,"minecraft:pig":10,"born_in_chaos_v1:baby_skeleton":1,"undead_revamp2:the_moonflower":1,"born_in_chaos_v1:decrepit_skeleton":2,"minecraft:sheep":10,"minecraft:zombie":2,"iceandfire:ghost":7,"born_in_chaos_v1:dread_hound":1,"minecraft:cow":3},"minecraft:used":{"minecraft:flint_and_steel":9,"minecraft:chest":2,"minecraft:shield":11,"minecraft:iron_sword":114,"minecraft:torch":23,"minecraft:granite":1,"minecraft:wooden_axe":37,"minecraft:birch_sapling":1,"minecraft:furnace":3,"minecraft:cooked_mutton":5,"minecraft:diorite":2,"minecraft:birch_planks":40,"minecraft:stone_pickaxe":391,"minecraft:wooden_pickaxe":3,"minecraft:green_bed":1,"minecraft:golden_apple":1,"minecraft:crafting_table":5,"minecraft:white_bed":3,"minecraft:apple":4,"minecraft:bread":6,"minecraft:iron_pickaxe":564,"minecraft:gravel":1,"jeg:scrap_workbench":1,"minecraft:stone_axe":45,"minecraft:cobblestone":210,"minecraft:cooked_porkchop":7,"minecraft:birch_log":1},"minecraft:custom":{"minecraft:mob_kills":44,"minecraft:interact_with_crafting_table":25,"minecraft:open_barrel":5,"minecraft:leave_game":7,"minecraft:time_since_death":346,"minecraft:climb_one_cm":1895,"minecraft:sprint_one_cm":232723,"minecraft:walk_one_cm":231731,"minecraft:damage_blocked_by_shield":525,"minecraft:drop":50,"minecraft:talked_to_villager":4,"minecraft:play_time":183025,"minecraft:deaths":7,"minecraft:sneak_time":2817,"minecraft:walk_under_water_one_cm":11904,"minecraft:jump":1490,"minecraft:interact_with_brewingstand":1,"minecraft:walk_on_water_one_cm":20300,"minecraft:total_world_time":183025,"minecraft:interact_with_furnace":19,"minecraft:interact_with_cartography_table":1,"minecraft:sleep_in_bed":4,"minecraft:time_since_rest":632,"minecraft:damage_taken":3737,"minecraft:damage_absorbed":40,"minecraft:trigger_trapped_chest":3,"minecraft:damage_dealt":6919,"minecraft:swim_one_cm":40596,"minecraft:fly_one_cm":287329,"minecraft:open_chest":46,"minecraft:crouch_one_cm":4921,"minecraft:fall_one_cm":31260,"minecraft:horse_one_cm":1653},"minecraft:picked_up":{"minecraft:crafting_table":3,"minecraft:iron_chestplate":1,"minecraft:gold_block":2,"minecraft:shield":1,"born_in_chaos_v1:black_argillite":2,"minecraft:raw_copper":214,"minecraft:flint_and_steel":1,"minecraft:iron_leggings":1,"minecraft:item_frame":1,"minecraft:armor_stand":1,"minecraft:pufferfish":1,"jeg:revolver":1,"minecraft:beef":5,"minecraft:written_book":1,"minecraft:cyan_wool":3,"minecraft:light_gray_wool":2,"biomesoplenty:redwood_wood":339,"minecraft:furnace":1,"minecraft:birch_sapling":6,"minecraft:iron_boots":1,"minecraft:stick":29,"minecraft:raw_iron":80,"minecraft:torch":15,"minecraft:green_bed":1,"minecraft:porkchop":23,"minecraft:diorite":30,"minecraft:arrow":1,"minecraft:rotten_flesh":8,"biomesoplenty:redwood_sapling":54,"minecraft:mutton":16,"undead_revamp2:arapholia":1,"minecraft:white_wool":8,"minecraft:cobblestone":518,"biomesoplenty:lavender":3,"minecraft:birch_log":24,"born_in_chaos_v1:corpse_maggot":2,"minecraft:clock":1,"born_in_chaos_v1:monster_flesh":2,"minecraft:water_bucket":1,"minecraft:andesite":70,"minecraft:leather":2,"minecraft:birch_planks":8,"minecraft:oak_log":2,"iceandfire:ectoplasm":3,"jeg:scrap":106,"minecraft:lapis_lazuli":52,"minecraft:horn_coral":1,"minecraft:dirt":17,"man:cassette_1safetyinstructions":2,"minecraft:cooked_mutton":4,"minecraft:bone":3,"minecraft:bow":1,"minecraft:wheat_seeds":1,"minecraft:raw_gold":6,"minecraft:iron_ingot":3,"artifacts:kitty_slippers":1,"jeg:tech_trash":13,"minecraft:iron_sword":1,"born_in_chaos_v1:ethereal_spirit":1,"minecraft:gravel":15,"minecraft:white_bed":3,"minecraft:diamond":1,"minecraft:iron_helmet":1,"minecraft:granite":66,"minecraft:golden_apple":1,"minecraft:emerald":1,"born_in_chaos_v1:rotten_fish":1,"minecraft:black_wool":1,"minecraft:coal":92,"iceandfire:raw_silver":9}},"DataVersion":3465}