{"stats":{"minecraft:dropped":{"minecraft:iron_ingot":2,"minecraft:enchanted_book":1,"minecraft:golden_boots":1,"minecraft:bread":2,"iceandfire:raw_silver":2,"minecraft:birch_planks":5,"minecraft:wheat_seeds":25,"minecraft:oak_log":5,"minecraft:glass_bottle":3,"minecraft:diamond":1,"biomesoplenty:redwood_fence":4,"biomesoplenty:lavender":192,"minecraft:cobblestone":178,"minecraft:lead":1,"man:cassette_1safetyinstructions":4,"minecraft:granite":3,"jeg:grenade":1,"iceandfire:ectoplasm":3,"minecraft:pufferfish":1,"minecraft:emerald":1,"minecraft:stick":4,"minecraft:item_frame":1,"born_in_chaos_v1:monster_flesh":6,"minecraft:dirt":57,"born_in_chaos_v1:gnawed_bones":1,"born_in_chaos_v1:black_argillite":2,"born_in_chaos_v1:monster_skin":4,"minecraft:torch":4,"minecraft:horn_coral":1,"iceandfire:ash":1,"minecraft:birch_log":1,"minecraft:white_wool":1,"minecraft:armor_stand":1,"minecraft:bone":15,"biomesoplenty:redwood_sapling":54,"minecraft:wheat":4,"minecraft:birch_sapling":5,"undead_revamp2:arapholia":1,"born_in_chaos_v1:ethereal_spirit":5,"born_in_chaos_v1:rotten_fish":1,"magistuarmory:rustedhalfarmor_chestplate":1,"minecraft:rotten_flesh":70,"minecraft:light_gray_wool":1,"minecraft:cooked_mutton":2,"minecraft:salmon":1,"minecraft:recovery_compass":1,"magistuarmory:chainmail_horse_armor":1,"born_in_chaos_v1:seedof_chaos":3,"minecraft:gunpowder":2,"born_in_chaos_v1:corpse_maggot":6,"minecraft:arrow":6,"minecraft:wooden_pickaxe":1,"minecraft:written_book":21,"biomesoplenty:tall_lavender":12,"minecraft:black_wool":1},"minecraft:broken":{"minecraft:iron_boots":1,"minecraft:stone_pickaxe":3,"minecraft:shield":1,"minecraft:iron_pickaxe":2,"minecraft:iron_helmet":1,"minecraft:wooden_axe":1},"minecraft:mined":{"minecraft:white_bed":4,"iceandfire:silver_ore":9,"minecraft:granite":76,"minecraft:grass_block":170,"born_in_chaos_v1:black_argillite":1,"minecraft:furnace":1,"minecraft:iron_ore":79,"biomesoplenty:lavender":16,"minecraft:andesite":70,"biomesoplenty:redwood_fence":17,"treechop:chopped_log":6,"minecraft:gold_block":2,"minecraft:stone":459,"minecraft:podzol":8,"minecraft:green_bed":1,"biomesoplenty:redwood_planks":29,"jeg:scrap_ore":56,"minecraft:crafting_table":4,"minecraft:torch":10,"minecraft:copper_ore":61,"minecraft:tall_grass":7,"minecraft:cobblestone":39,"minecraft:lapis_ore":8,"minecraft:diorite":30,"minecraft:wall_torch":6,"minecraft:birch_sapling":1,"minecraft:cyan_wool":3,"minecraft:birch_planks":8,"minecraft:birch_log":1,"minecraft:redstone_torch":4,"iceandfire:ash":1,"minecraft:grass":9,"minecraft:coal_ore":97,"minecraft:oak_log":3,"minecraft:gravel":15,"minecraft:dirt":73,"minecraft:gold_ore":6,"biomesoplenty:redwood_wood":1},"minecraft:crafted":{"minecraft:oak_planks":4,"minecraft:furnace":3,"minecraft:cooked_mutton":14,"jeg:scrap_workbench":1,"minecraft:stone_pickaxe":3,"minecraft:chest":5,"minecraft:cooked_porkchop":23,"minecraft:crafting_table":4,"biomesoplenty:redwood_planks":260,"minecraft:wooden_pickaxe":1,"biomesoplenty:redwood_fence":60,"minecraft:iron_sword":1,"minecraft:copper_ingot":21,"minecraft:bucket":1,"minecraft:birch_planks":92,"minecraft:stone_axe":1,"jeg:scrap_block":3,"minecraft:air":0,"minecraft:stick":88,"minecraft:iron_ingot":80,"minecraft:iron_pickaxe":3,"minecraft:wooden_axe":1,"minecraft:iron_shovel":1,"minecraft:white_bed":1,"jeg:scrap":18,"minecraft:torch":60},"minecraft:killed_by":{"born_in_chaos_v1:nightmare_stalker":1,"iceandfire:cyclops":5,"born_in_chaos_v1:skeleton_thrasher":1,"born_in_chaos_v1:decaying_zombie":1,"man:managgresive":1,"minecraft:skeleton":2,"minecraft:zombie":3,"undead_revamp2:thesmoker":1,"iceandfire:ghost":1,"born_in_chaos_v1:dire_hound_leader":1,"guardvillagers:guard":2,"iceandfire:fire_dragon":4},"minecraft:killed":{"born_in_chaos_v1:zombie_clown":1,"born_in_chaos_v1:missioner":1,"born_in_chaos_v1:zombie_lumberjack":1,"born_in_chaos_v1:restless_spirit":1,"born_in_chaos_v1:siamese_skeletonsright":1,"born_in_chaos_v1:zombie_bruiser":3,"born_in_chaos_v1:baby_skeleton_minion":4,"born_in_chaos_v1:maggot":9,"born_in_chaos_v1:scarlet_persecutor":2,"minecraft:skeleton":5,"born_in_chaos_v1:skeleton_thrasher":1,"minecraft:drowned":1,"artifacts:mimic":1,"born_in_chaos_v1:barrel_zombie":1,"born_in_chaos_v1:fallen_chaos_knight":1,"minecraft:pig":10,"minecraft:zombie_villager":3,"born_in_chaos_v1:baby_skeleton":3,"undead_revamp2:the_moonflower":2,"minecraft:creeper":10,"born_in_chaos_v1:decrepit_skeleton":3,"minecraft:sheep":10,"minecraft:trader_llama":1,"born_in_chaos_v1:zombie_fisherman":1,"minecraft:zombie":3,"iceandfire:ghost":7,"born_in_chaos_v1:dread_hound":1,"born_in_chaos_v1:corpse_fly":2,"born_in_chaos_v1:siamese_skeletonsleft":1,"minecraft:cow":3},"minecraft:custom":{"minecraft:mob_kills":101,"minecraft:interact_with_crafting_table":41,"minecraft:open_barrel":5,"minecraft:damage_dealt_resisted":580,"minecraft:leave_game":20,"minecraft:time_since_death":2753,"minecraft:climb_one_cm":8631,"minecraft:sprint_one_cm":588983,"minecraft:walk_one_cm":628548,"minecraft:damage_blocked_by_shield":3102,"minecraft:drop":134,"minecraft:talked_to_villager":52,"minecraft:play_time":378824,"minecraft:deaths":29,"minecraft:sneak_time":6098,"minecraft:walk_under_water_one_cm":22228,"minecraft:jump":3575,"minecraft:interact_with_brewingstand":1,"minecraft:walk_on_water_one_cm":69592,"minecraft:total_world_time":378824,"minecraft:interact_with_furnace":40,"minecraft:interact_with_cartography_table":1,"minecraft:sleep_in_bed":7,"minecraft:time_since_rest":2832,"minecraft:damage_taken":10632,"minecraft:damage_absorbed":40,"minecraft:trigger_trapped_chest":3,"minecraft:damage_dealt":17033,"minecraft:swim_one_cm":58402,"minecraft:fly_one_cm":641170,"minecraft:open_chest":152,"minecraft:crouch_one_cm":10358,"minecraft:fall_one_cm":64434,"minecraft:horse_one_cm":1653},"minecraft:used":{"minecraft:iron_shovel":208,"minecraft:flint_and_steel":9,"biomesoplenty:redwood_planks":99,"born_in_chaos_v1:intoxicating_decoction":1,"minecraft:chest":5,"minecraft:shield":42,"minecraft:iron_sword":322,"minecraft:torch":54,"minecraft:dirt":150,"biomesoplenty:redwood_fence":73,"minecraft:granite":1,"jeg:grenade":3,"minecraft:wooden_axe":37,"minecraft:birch_sapling":1,"minecraft:furnace":4,"jeg:revolver":8,"minecraft:egg":2,"minecraft:cooked_mutton":13,"minecraft:diorite":2,"minecraft:water_bucket":94,"minecraft:birch_planks":40,"minecraft:stone_pickaxe":391,"minecraft:wooden_pickaxe":3,"minecraft:green_bed":1,"minecraft:golden_apple":1,"minecraft:crafting_table":8,"minecraft:white_bed":4,"minecraft:apple":4,"minecraft:iron_pickaxe":623,"minecraft:bread":8,"minecraft:gravel":1,"jeg:scrap_workbench":1,"minecraft:stone_axe":84,"minecraft:cobblestone":274,"born_in_chaos_v1:rotten_fish":1,"minecraft:cooked_porkchop":15,"minecraft:bucket":95,"minecraft:birch_log":1},"minecraft:picked_up":{"biomesoplenty:redwood_log":25,"born_in_chaos_v1:charmof_stealth":1,"minecraft:iron_chestplate":1,"minecraft:crafting_table":4,"minecraft:wheat":4,"born_in_chaos_v1:seedof_chaos":3,"born_in_chaos_v1:charmof_resistance":1,"minecraft:lead":2,"minecraft:gold_block":2,"minecraft:shield":1,"born_in_chaos_v1:black_argillite":2,"minecraft:string":1,"minecraft:raw_copper":214,"minecraft:flint_and_steel":1,"born_in_chaos_v1:intoxicating_decoction":2,"minecraft:iron_leggings":1,"biomesoplenty:tall_lavender":12,"minecraft:item_frame":1,"minecraft:armor_stand":1,"minecraft:pufferfish":1,"jeg:revolver":1,"minecraft:beef":5,"born_in_chaos_v1:gnawed_bones":1,"minecraft:redstone_torch":4,"minecraft:written_book":1,"minecraft:cyan_wool":3,"minecraft:light_gray_wool":2,"minecraft:iron_boots":1,"biomesoplenty:redwood_wood":339,"minecraft:birch_sapling":6,"minecraft:furnace":1,"minecraft:egg":2,"minecraft:raw_iron":80,"minecraft:stick":31,"jeg:pistol_ammo":20,"minecraft:torch":20,"minecraft:green_bed":1,"minecraft:porkchop":23,"minecraft:diorite":30,"born_in_chaos_v1:pieceofdarkmetal":18,"biomesoplenty:redwood_planks":17,"minecraft:arrow":6,"minecraft:rotten_flesh":75,"biomesoplenty:redwood_fence":17,"biomesoplenty:redwood_sapling":54,"born_in_chaos_v1:fused_bone":2,"minecraft:white_wool":8,"minecraft:mutton":16,"undead_revamp2:arapholia":1,"minecraft:birch_log":25,"minecraft:cobblestone":552,"biomesoplenty:lavender":205,"born_in_chaos_v1:corpse_maggot":6,"born_in_chaos_v1:staffof_magic_arrows":1,"minecraft:clock":1,"magistuarmory:rustedhalfarmor_chestplate":2,"born_in_chaos_v1:monster_flesh":6,"minecraft:salmon":1,"born_in_chaos_v1:spiritual_dust":5,"minecraft:water_bucket":1,"minecraft:andesite":70,"minecraft:leather":2,"minecraft:birch_planks":8,"minecraft:oak_log":6,"iceandfire:ectoplasm":3,"jeg:scrap":106,"minecraft:horn_coral":1,"minecraft:gunpowder":14,"minecraft:lapis_lazuli":52,"minecraft:dirt":337,"man:cassette_1safetyinstructions":2,"jeg:grenade":5,"minecraft:cooked_mutton":4,"born_in_chaos_v1:monster_skin":4,"minecraft:bone":28,"minecraft:bow":2,"minecraft:wheat_seeds":28,"minecraft:raw_gold":6,"minecraft:iron_ingot":7,"artifacts:kitty_slippers":1,"minecraft:glass_bottle":2,"minecraft:iron_sword":1,"jeg:tech_trash":13,"iceandfire:ash":1,"born_in_chaos_v1:ethereal_spirit":10,"minecraft:gravel":15,"born_in_chaos_v1:dark_rod":2,"minecraft:white_bed":4,"minecraft:diamond":1,"minecraft:iron_helmet":1,"minecraft:granite":72,"minecraft:golden_apple":1,"minecraft:bread":4,"minecraft:emerald":1,"born_in_chaos_v1:rotten_fish":2,"minecraft:black_wool":1,"minecraft:coal":111,"iceandfire:raw_silver":9}},"DataVersion":3465}