{"stats":{"minecraft:dropped":{"minecraft:enchanted_book":1,"minecraft:golden_boots":1,"minecraft:bread":2,"iceandfire:raw_silver":2,"minecraft:birch_planks":5,"minecraft:wheat_seeds":15,"minecraft:oak_log":2,"minecraft:glass_bottle":3,"minecraft:diamond":1,"biomesoplenty:lavender":63,"minecraft:cobblestone":142,"man:cassette_1safetyinstructions":4,"minecraft:granite":3,"iceandfire:ectoplasm":3,"minecraft:pufferfish":1,"minecraft:emerald":1,"minecraft:item_frame":1,"minecraft:stick":4,"born_in_chaos_v1:monster_flesh":5,"minecraft:dirt":3,"born_in_chaos_v1:gnawed_bones":1,"born_in_chaos_v1:black_argillite":2,"minecraft:torch":4,"born_in_chaos_v1:monster_skin":3,"minecraft:horn_coral":1,"iceandfire:ash":1,"minecraft:white_wool":1,"minecraft:bone":7,"minecraft:armor_stand":1,"biomesoplenty:redwood_sapling":54,"minecraft:birch_sapling":5,"minecraft:wheat":4,"undead_revamp2:arapholia":1,"born_in_chaos_v1:ethereal_spirit":3,"born_in_chaos_v1:rotten_fish":1,"magistuarmory:rustedhalfarmor_chestplate":1,"minecraft:rotten_flesh":42,"minecraft:light_gray_wool":1,"minecraft:cooked_mutton":2,"minecraft:recovery_compass":1,"magistuarmory:chainmail_horse_armor":1,"minecraft:gunpowder":2,"born_in_chaos_v1:corpse_maggot":3,"minecraft:arrow":3,"minecraft:wooden_pickaxe":1,"minecraft:written_book":16,"biomesoplenty:tall_lavender":6,"minecraft:black_wool":1},"minecraft:broken":{"minecraft:stone_pickaxe":3,"minecraft:shield":1,"minecraft:iron_pickaxe":2,"minecraft:wooden_axe":1},"minecraft:mined":{"minecraft:white_bed":4,"iceandfire:silver_ore":9,"minecraft:granite":76,"minecraft:grass_block":11,"born_in_chaos_v1:black_argillite":1,"minecraft:furnace":1,"minecraft:iron_ore":79,"biomesoplenty:lavender":10,"minecraft:andesite":70,"biomesoplenty:redwood_fence":15,"treechop:chopped_log":5,"minecraft:gold_block":2,"minecraft:stone":459,"minecraft:green_bed":1,"biomesoplenty:redwood_planks":13,"jeg:scrap_ore":56,"minecraft:crafting_table":4,"minecraft:torch":10,"minecraft:copper_ore":61,"minecraft:tall_grass":6,"minecraft:cobblestone":39,"minecraft:lapis_ore":8,"minecraft:diorite":30,"minecraft:wall_torch":6,"minecraft:birch_sapling":1,"minecraft:cyan_wool":3,"minecraft:birch_planks":8,"minecraft:birch_log":1,"iceandfire:ash":1,"minecraft:grass":8,"minecraft:coal_ore":97,"minecraft:oak_log":3,"minecraft:gravel":15,"minecraft:dirt":31,"minecraft:gold_ore":6,"biomesoplenty:redwood_wood":1},"minecraft:crafted":{"minecraft:oak_planks":4,"minecraft:furnace":3,"minecraft:cooked_mutton":14,"jeg:scrap_workbench":1,"minecraft:stone_pickaxe":3,"minecraft:chest":5,"minecraft:cooked_porkchop":15,"minecraft:crafting_table":3,"biomesoplenty:redwood_planks":188,"minecraft:wooden_pickaxe":1,"biomesoplenty:redwood_fence":39,"minecraft:iron_sword":1,"minecraft:copper_ingot":21,"minecraft:bucket":1,"minecraft:birch_planks":92,"minecraft:stone_axe":1,"jeg:scrap_block":3,"minecraft:air":0,"minecraft:stick":68,"minecraft:iron_ingot":80,"minecraft:iron_pickaxe":3,"minecraft:wooden_axe":1,"minecraft:white_bed":1,"jeg:scrap":18,"minecraft:torch":24},"minecraft:killed_by":{"born_in_chaos_v1:nightmare_stalker":1,"iceandfire:cyclops":5,"born_in_chaos_v1:decaying_zombie":1,"minecraft:skeleton":2,"minecraft:zombie":2,"undead_revamp2:thesmoker":1,"iceandfire:ghost":1,"born_in_chaos_v1:dire_hound_leader":1,"guardvillagers:guard":1,"iceandfire:fire_dragon":4},"minecraft:killed":{"born_in_chaos_v1:zombie_clown":1,"born_in_chaos_v1:restless_spirit":1,"born_in_chaos_v1:zombie_lumberjack":1,"born_in_chaos_v1:scarlet_persecutor":2,"born_in_chaos_v1:zombie_bruiser":1,"born_in_chaos_v1:baby_skeleton_minion":4,"born_in_chaos_v1:maggot":5,"minecraft:skeleton":5,"minecraft:drowned":1,"artifacts:mimic":1,"born_in_chaos_v1:barrel_zombie":1,"born_in_chaos_v1:fallen_chaos_knight":1,"minecraft:pig":10,"born_in_chaos_v1:baby_skeleton":1,"undead_revamp2:the_moonflower":2,"minecraft:creeper":8,"born_in_chaos_v1:decrepit_skeleton":3,"minecraft:sheep":10,"minecraft:trader_llama":1,"minecraft:zombie":2,"iceandfire:ghost":7,"born_in_chaos_v1:dread_hound":1,"minecraft:cow":3},"minecraft:used":{"minecraft:flint_and_steel":9,"biomesoplenty:redwood_planks":48,"born_in_chaos_v1:intoxicating_decoction":1,"minecraft:chest":5,"minecraft:shield":42,"minecraft:iron_sword":254,"minecraft:torch":34,"minecraft:dirt":35,"biomesoplenty:redwood_fence":47,"jeg:grenade":1,"minecraft:granite":1,"minecraft:wooden_axe":37,"minecraft:birch_sapling":1,"minecraft:furnace":4,"jeg:revolver":8,"minecraft:cooked_mutton":12,"minecraft:water_bucket":32,"minecraft:diorite":2,"minecraft:birch_planks":40,"minecraft:stone_pickaxe":391,"minecraft:wooden_pickaxe":3,"minecraft:green_bed":1,"minecraft:golden_apple":1,"minecraft:crafting_table":7,"minecraft:white_bed":4,"minecraft:apple":4,"minecraft:bread":6,"minecraft:iron_pickaxe":623,"minecraft:gravel":1,"jeg:scrap_workbench":1,"minecraft:stone_axe":61,"minecraft:cobblestone":274,"born_in_chaos_v1:rotten_fish":1,"minecraft:cooked_porkchop":12,"minecraft:bucket":33,"minecraft:birch_log":1},"minecraft:custom":{"minecraft:mob_kills":75,"minecraft:interact_with_crafting_table":36,"minecraft:open_barrel":5,"minecraft:damage_dealt_resisted":248,"minecraft:leave_game":17,"minecraft:time_since_death":9562,"minecraft:climb_one_cm":5147,"minecraft:sprint_one_cm":441555,"minecraft:walk_one_cm":471357,"minecraft:damage_blocked_by_shield":3102,"minecraft:drop":102,"minecraft:talked_to_villager":46,"minecraft:play_time":306958,"minecraft:deaths":22,"minecraft:sneak_time":5678,"minecraft:walk_under_water_one_cm":17342,"minecraft:jump":2796,"minecraft:interact_with_brewingstand":1,"minecraft:walk_on_water_one_cm":44069,"minecraft:total_world_time":306958,"minecraft:interact_with_furnace":37,"minecraft:interact_with_cartography_table":1,"minecraft:sleep_in_bed":7,"minecraft:time_since_rest":8869,"minecraft:damage_taken":8572,"minecraft:damage_absorbed":40,"minecraft:trigger_trapped_chest":3,"minecraft:damage_dealt":13685,"minecraft:swim_one_cm":57435,"minecraft:fly_one_cm":509339,"minecraft:open_chest":135,"minecraft:crouch_one_cm":10079,"minecraft:fall_one_cm":52763,"minecraft:horse_one_cm":1653},"minecraft:picked_up":{"minecraft:iron_chestplate":1,"minecraft:crafting_table":4,"minecraft:wheat":4,"born_in_chaos_v1:seedof_chaos":3,"minecraft:lead":1,"minecraft:gold_block":2,"minecraft:shield":1,"born_in_chaos_v1:black_argillite":2,"minecraft:raw_copper":214,"minecraft:flint_and_steel":1,"minecraft:item_frame":1,"minecraft:iron_leggings":1,"minecraft:armor_stand":1,"born_in_chaos_v1:intoxicating_decoction":2,"biomesoplenty:tall_lavender":6,"minecraft:pufferfish":1,"jeg:revolver":1,"minecraft:beef":5,"born_in_chaos_v1:gnawed_bones":1,"minecraft:written_book":1,"minecraft:cyan_wool":3,"minecraft:light_gray_wool":2,"biomesoplenty:redwood_wood":339,"minecraft:birch_sapling":6,"minecraft:iron_boots":1,"minecraft:furnace":1,"minecraft:stick":29,"minecraft:raw_iron":80,"jeg:pistol_ammo":20,"minecraft:torch":20,"minecraft:green_bed":1,"minecraft:porkchop":23,"minecraft:diorite":30,"born_in_chaos_v1:pieceofdarkmetal":2,"biomesoplenty:redwood_planks":5,"minecraft:arrow":5,"minecraft:rotten_flesh":53,"biomesoplenty:redwood_fence":15,"biomesoplenty:redwood_sapling":54,"minecraft:birch_log":25,"minecraft:mutton":16,"undead_revamp2:arapholia":1,"minecraft:white_wool":8,"minecraft:cobblestone":552,"biomesoplenty:lavender":63,"born_in_chaos_v1:corpse_maggot":3,"minecraft:clock":1,"magistuarmory:rustedhalfarmor_chestplate":2,"born_in_chaos_v1:monster_flesh":5,"born_in_chaos_v1:spiritual_dust":2,"minecraft:water_bucket":1,"minecraft:andesite":70,"minecraft:leather":2,"minecraft:birch_planks":8,"minecraft:oak_log":5,"iceandfire:ectoplasm":3,"jeg:scrap":106,"minecraft:horn_coral":1,"minecraft:gunpowder":10,"minecraft:lapis_lazuli":52,"minecraft:dirt":67,"man:cassette_1safetyinstructions":2,"jeg:grenade":4,"born_in_chaos_v1:monster_skin":3,"minecraft:cooked_mutton":4,"minecraft:bone":10,"minecraft:bow":2,"minecraft:wheat_seeds":15,"minecraft:raw_gold":6,"minecraft:iron_ingot":4,"artifacts:kitty_slippers":1,"minecraft:glass_bottle":2,"minecraft:iron_sword":1,"jeg:tech_trash":13,"iceandfire:ash":1,"born_in_chaos_v1:ethereal_spirit":5,"minecraft:gravel":15,"born_in_chaos_v1:dark_rod":2,"minecraft:white_bed":4,"minecraft:diamond":1,"minecraft:iron_helmet":1,"minecraft:granite":72,"minecraft:golden_apple":1,"minecraft:bread":4,"minecraft:emerald":1,"born_in_chaos_v1:rotten_fish":2,"minecraft:black_wool":1,"minecraft:coal":111,"iceandfire:raw_silver":9}},"DataVersion":3465}