{"stats":{"minecraft:used":{"jeg:combat_rifle":254,"minecraft:netherite_chestplate":1,"minecraft:netherite_boots":7,"minecraft:netherite_leggings":1,"minecraft:netherite_helmet":1,"magistuarmory:rustedcrusader_boots":6,"minecraft:enchanted_golden_apple":11},"minecraft:dropped":{"minecraft:netherite_helmet":1,"minecraft:netherite_chestplate":1,"minecraft:netherite_boots":1,"jeg:combat_rifle":2,"minecraft:netherite_leggings":1},"minecraft:picked_up":{"minecraft:leather":4,"jeg:combat_rifle":2,"minecraft:bone":3,"minecraft:arrow":7,"minecraft:wheat_seeds":1,"magistuarmory:rustedcrusader_boots":1,"minecraft:oak_sapling":2,"minecraft:white_wool":1,"minecraft:egg":1},"minecraft:killed":{"minecraft:sheep":1,"minecraft:horse":6,"minecraft:skeleton":3,"minecraft:pillager":3,"minecraft:spider":3,"minecraft:creeper":1},"minecraft:killed_by":{"minecraft:pillager":1},"minecraft:custom":{"minecraft:time_since_rest":44793,"minecraft:sprint_one_cm":283845,"minecraft:damage_taken":713,"minecraft:walk_one_cm":70437,"minecraft:damage_absorbed":369,"minecraft:mob_kills":17,"minecraft:drop":6,"minecraft:damage_dealt":166,"minecraft:swim_one_cm":4520,"minecraft:fly_one_cm":141514,"minecraft:crouch_one_cm":3962,"minecraft:play_time":46467,"minecraft:deaths":1,"minecraft:sneak_time":2001,"minecraft:walk_under_water_one_cm":1175,"minecraft:jump":665,"minecraft:leave_game":1,"minecraft:time_since_death":44758,"minecraft:walk_on_water_one_cm":1291,"minecraft:damage_resisted":119,"minecraft:total_world_time":46467,"minecraft:climb_one_cm":68,"minecraft:fall_one_cm":17975},"minecraft:mined":{"minecraft:grass":10,"minecraft:tall_grass":2}},"DataVersion":3465}