{"stats":{"minecraft:dropped":{"minecraft:enchanted_book":1,"minecraft:golden_boots":1,"iceandfire:raw_silver":2,"minecraft:birch_planks":5,"minecraft:wheat_seeds":2,"minecraft:oak_log":2,"minecraft:glass_bottle":2,"minecraft:diamond":1,"biomesoplenty:lavender":3,"minecraft:cobblestone":112,"man:cassette_1safetyinstructions":4,"minecraft:granite":3,"iceandfire:ectoplasm":3,"minecraft:emerald":1,"minecraft:pufferfish":1,"minecraft:item_frame":1,"minecraft:stick":4,"born_in_chaos_v1:monster_flesh":2,"minecraft:dirt":1,"born_in_chaos_v1:black_argillite":2,"minecraft:horn_coral":1,"minecraft:white_wool":1,"minecraft:bone":3,"minecraft:armor_stand":1,"biomesoplenty:redwood_sapling":54,"minecraft:birch_sapling":5,"born_in_chaos_v1:ethereal_spirit":1,"undead_revamp2:arapholia":1,"born_in_chaos_v1:rotten_fish":1,"minecraft:rotten_flesh":5,"minecraft:light_gray_wool":1,"minecraft:cooked_mutton":2,"minecraft:recovery_compass":1,"magistuarmory:chainmail_horse_armor":1,"born_in_chaos_v1:corpse_maggot":2,"minecraft:arrow":3,"minecraft:wooden_pickaxe":1,"minecraft:written_book":4,"minecraft:black_wool":1},"minecraft:broken":{"minecraft:stone_pickaxe":3,"minecraft:iron_pickaxe":2,"minecraft:wooden_axe":1},"minecraft:mined":{"minecraft:white_bed":4,"iceandfire:silver_ore":9,"minecraft:granite":76,"minecraft:grass_block":6,"born_in_chaos_v1:black_argillite":1,"minecraft:furnace":1,"minecraft:iron_ore":79,"biomesoplenty:lavender":4,"minecraft:andesite":70,"biomesoplenty:redwood_fence":14,"treechop:chopped_log":5,"minecraft:gold_block":2,"minecraft:stone":459,"minecraft:green_bed":1,"biomesoplenty:redwood_planks":6,"jeg:scrap_ore":56,"minecraft:crafting_table":3,"minecraft:torch":9,"minecraft:tall_grass":4,"minecraft:copper_ore":61,"minecraft:cobblestone":27,"minecraft:lapis_ore":8,"minecraft:diorite":30,"minecraft:wall_torch":6,"minecraft:birch_sapling":1,"minecraft:cyan_wool":3,"minecraft:birch_planks":8,"minecraft:birch_log":1,"minecraft:grass":3,"minecraft:oak_log":2,"minecraft:coal_ore":97,"minecraft:gravel":15,"minecraft:dirt":26,"minecraft:gold_ore":6,"biomesoplenty:redwood_wood":1},"minecraft:crafted":{"minecraft:furnace":2,"minecraft:cooked_mutton":3,"jeg:scrap_workbench":1,"minecraft:stone_pickaxe":3,"minecraft:chest":4,"minecraft:cooked_porkchop":15,"minecraft:crafting_table":2,"biomesoplenty:redwood_planks":140,"minecraft:wooden_pickaxe":1,"biomesoplenty:redwood_fence":18,"minecraft:copper_ingot":21,"minecraft:bucket":1,"minecraft:birch_planks":92,"minecraft:stone_axe":1,"minecraft:air":0,"jeg:scrap_block":3,"minecraft:stick":40,"minecraft:iron_ingot":80,"minecraft:iron_pickaxe":3,"minecraft:wooden_axe":1,"minecraft:white_bed":1,"jeg:scrap":18,"minecraft:torch":16},"minecraft:killed_by":{"iceandfire:cyclops":5,"born_in_chaos_v1:decaying_zombie":1,"minecraft:skeleton":2,"minecraft:zombie":1,"iceandfire:ghost":1},"minecraft:killed":{"born_in_chaos_v1:zombie_clown":1,"born_in_chaos_v1:restless_spirit":1,"born_in_chaos_v1:zombie_lumberjack":1,"born_in_chaos_v1:maggot":2,"minecraft:skeleton":2,"artifacts:mimic":1,"born_in_chaos_v1:barrel_zombie":1,"minecraft:pig":10,"born_in_chaos_v1:baby_skeleton":1,"undead_revamp2:the_moonflower":1,"minecraft:creeper":1,"born_in_chaos_v1:decrepit_skeleton":3,"minecraft:sheep":10,"minecraft:trader_llama":1,"minecraft:zombie":2,"iceandfire:ghost":7,"born_in_chaos_v1:dread_hound":1,"minecraft:cow":3},"minecraft:used":{"minecraft:flint_and_steel":9,"biomesoplenty:redwood_planks":22,"born_in_chaos_v1:intoxicating_decoction":1,"minecraft:chest":4,"minecraft:shield":29,"minecraft:iron_sword":152,"minecraft:torch":27,"biomesoplenty:redwood_fence":30,"minecraft:granite":1,"minecraft:wooden_axe":37,"minecraft:birch_sapling":1,"minecraft:furnace":3,"minecraft:cooked_mutton":5,"minecraft:water_bucket":29,"minecraft:diorite":2,"minecraft:birch_planks":40,"minecraft:stone_pickaxe":391,"minecraft:wooden_pickaxe":3,"minecraft:green_bed":1,"minecraft:golden_apple":1,"minecraft:crafting_table":5,"minecraft:white_bed":4,"minecraft:apple":4,"minecraft:bread":6,"minecraft:iron_pickaxe":610,"minecraft:gravel":1,"jeg:scrap_workbench":1,"minecraft:stone_axe":61,"born_in_chaos_v1:rotten_fish":1,"minecraft:cobblestone":242,"minecraft:cooked_porkchop":12,"minecraft:bucket":30,"minecraft:birch_log":1},"minecraft:custom":{"minecraft:mob_kills":50,"minecraft:interact_with_crafting_table":30,"minecraft:open_barrel":5,"minecraft:damage_dealt_resisted":216,"minecraft:leave_game":10,"minecraft:time_since_death":17106,"minecraft:climb_one_cm":5147,"minecraft:sprint_one_cm":326467,"minecraft:walk_one_cm":333953,"minecraft:damage_blocked_by_shield":2322,"minecraft:drop":59,"minecraft:talked_to_villager":9,"minecraft:play_time":244860,"minecraft:deaths":11,"minecraft:sneak_time":4291,"minecraft:walk_under_water_one_cm":16998,"minecraft:jump":2133,"minecraft:interact_with_brewingstand":1,"minecraft:walk_on_water_one_cm":41027,"minecraft:total_world_time":244860,"minecraft:interact_with_furnace":24,"minecraft:interact_with_cartography_table":1,"minecraft:sleep_in_bed":6,"minecraft:time_since_rest":17238,"minecraft:damage_taken":5395,"minecraft:damage_absorbed":40,"minecraft:trigger_trapped_chest":3,"minecraft:damage_dealt":8792,"minecraft:swim_one_cm":56006,"minecraft:fly_one_cm":381989,"minecraft:open_chest":97,"minecraft:crouch_one_cm":8207,"minecraft:fall_one_cm":43547,"minecraft:horse_one_cm":1653},"minecraft:picked_up":{"minecraft:iron_chestplate":1,"minecraft:crafting_table":3,"minecraft:lead":1,"minecraft:gold_block":2,"minecraft:shield":1,"born_in_chaos_v1:black_argillite":2,"minecraft:raw_copper":214,"minecraft:flint_and_steel":1,"minecraft:item_frame":1,"minecraft:iron_leggings":1,"born_in_chaos_v1:intoxicating_decoction":2,"minecraft:armor_stand":1,"minecraft:pufferfish":1,"jeg:revolver":1,"minecraft:beef":5,"minecraft:written_book":1,"minecraft:cyan_wool":3,"minecraft:light_gray_wool":2,"biomesoplenty:redwood_wood":339,"minecraft:birch_sapling":6,"minecraft:iron_boots":1,"minecraft:furnace":1,"minecraft:stick":29,"minecraft:raw_iron":80,"minecraft:torch":15,"minecraft:green_bed":1,"minecraft:porkchop":23,"minecraft:diorite":30,"biomesoplenty:redwood_planks":3,"minecraft:arrow":3,"minecraft:rotten_flesh":13,"biomesoplenty:redwood_fence":14,"biomesoplenty:redwood_sapling":54,"minecraft:birch_log":24,"minecraft:mutton":16,"undead_revamp2:arapholia":1,"minecraft:white_wool":8,"minecraft:cobblestone":540,"biomesoplenty:lavender":5,"born_in_chaos_v1:corpse_maggot":2,"minecraft:clock":1,"born_in_chaos_v1:monster_flesh":2,"minecraft:water_bucket":1,"minecraft:andesite":70,"minecraft:leather":2,"minecraft:birch_planks":8,"minecraft:oak_log":2,"iceandfire:ectoplasm":3,"jeg:scrap":106,"minecraft:horn_coral":1,"minecraft:gunpowder":1,"minecraft:lapis_lazuli":52,"minecraft:dirt":27,"man:cassette_1safetyinstructions":2,"minecraft:cooked_mutton":4,"minecraft:bone":4,"minecraft:bow":1,"minecraft:wheat_seeds":2,"minecraft:raw_gold":6,"minecraft:iron_ingot":3,"artifacts:kitty_slippers":1,"minecraft:glass_bottle":2,"minecraft:iron_sword":1,"jeg:tech_trash":13,"born_in_chaos_v1:ethereal_spirit":2,"minecraft:gravel":15,"born_in_chaos_v1:dark_rod":2,"minecraft:white_bed":4,"minecraft:diamond":1,"minecraft:iron_helmet":1,"minecraft:granite":72,"minecraft:golden_apple":1,"minecraft:emerald":1,"born_in_chaos_v1:rotten_fish":2,"minecraft:black_wool":1,"minecraft:coal":109,"iceandfire:raw_silver":9}},"DataVersion":3465}