{"stats":{"minecraft:custom":{"minecraft:interact_with_smithing_table":1,"minecraft:mob_kills":19,"minecraft:interact_with_crafting_table":10,"minecraft:open_barrel":4,"minecraft:damage_dealt_resisted":32,"minecraft:leave_game":8,"minecraft:time_since_death":2125,"minecraft:climb_one_cm":6416,"minecraft:sprint_one_cm":513765,"minecraft:walk_one_cm":368940,"minecraft:damage_blocked_by_shield":3059,"minecraft:drop":32,"minecraft:damage_dealt_absorbed":5,"minecraft:talked_to_villager":6,"minecraft:play_time":163966,"minecraft:deaths":16,"minecraft:sneak_time":7523,"minecraft:walk_under_water_one_cm":13863,"minecraft:interact_with_lectern":2,"minecraft:jump":2560,"minecraft:walk_on_water_one_cm":22258,"minecraft:total_world_time":164115,"minecraft:interact_with_grindstone":1,"minecraft:sleep_in_bed":9,"minecraft:time_since_rest":1662,"minecraft:damage_taken":6689,"minecraft:damage_dealt":3907,"minecraft:swim_one_cm":50756,"minecraft:fly_one_cm":442057,"minecraft:open_chest":48,"minecraft:crouch_one_cm":19702,"minecraft:interact_with_smoker":2,"minecraft:fall_one_cm":62271},"minecraft:used":{"minecraft:armor_stand":1,"minecraft:spruce_planks":14,"minecraft:chest":3,"minecraft:shield":45,"minecraft:iron_sword":92,"minecraft:dirt":113,"minecraft:iron_hoe":1,"minecraft:wooden_axe":61,"minecraft:iron_axe":93,"minecraft:oak_stairs":23,"minecraft:wheat_seeds":3,"minecraft:leather_leggings":1,"minecraft:oak_planks":430,"minecraft:leather_chestplate":1,"minecraft:leather_boots":1,"minecraft:crafting_table":4,"minecraft:apple":12,"minecraft:string":3,"minecraft:bread":41,"minecraft:iron_pickaxe":120,"minecraft:golden_helmet":1,"minecraft:golden_leggings":2,"jeg:scrap_workbench":1,"minecraft:cobblestone":23,"minecraft:andesite":1,"minecraft:yellow_bed":4,"minecraft:experience_bottle":1},"minecraft:picked_up":{"minecraft:iron_chestplate":2,"minecraft:crafting_table":2,"minecraft:wheat":3,"biomesoplenty:orange_autumn_sapling":11,"minecraft:oak_stairs":3,"jeg:scrap_workbench":1,"minecraft:shield":1,"minecraft:string":5,"minecraft:iron_axe":1,"biomesoplenty:yellow_autumn_sapling":3,"minecraft:iron_leggings":2,"minecraft:armor_stand":10,"minecraft:iron_shovel":1,"minecraft:experience_bottle":1,"minecraft:spruce_planks":7,"minecraft:iron_pickaxe":3,"minecraft:light_gray_wool":1,"minecraft:chest":1,"minecraft:iron_boots":1,"minecraft:golden_helmet":9,"minecraft:stick":21,"minecraft:torch":1,"minecraft:arrow":3,"minecraft:rotten_flesh":2,"minecraft:peony":1,"minecraft:mutton":2,"minecraft:cobblestone":30,"minecraft:snowball":10,"minecraft:white_wool":1,"minecraft:feather":1,"minecraft:salmon":1,"minecraft:andesite":3,"minecraft:golden_leggings":9,"minecraft:oak_log":116,"jeg:scrap":64,"minecraft:yellow_bed":4,"minecraft:dirt":155,"minecraft:cooked_mutton":1,"minecraft:apple":7,"mowziesmobs:umvuthana_mask_rage":1,"minecraft:bow":2,"minecraft:wheat_seeds":12,"minecraft:iron_ingot":1,"minecraft:oak_planks":10,"minecraft:iron_sword":1,"jeg:tech_trash":6,"minecraft:sweet_berries":2,"minecraft:gravel":2,"minecraft:spruce_sapling":2,"minecraft:white_bed":1,"minecraft:spruce_log":13,"minecraft:dark_oak_log":15,"minecraft:iron_hoe":1,"biomesoplenty:maple_sapling":16,"minecraft:diamond":1,"magistuarmory:corruptedroundshield":1,"minecraft:iron_helmet":1,"minecraft:golden_apple":1,"minecraft:emerald":2,"minecraft:bread":29,"minecraft:oak_sapling":17,"minecraft:coal":49},"minecraft:crafted":{"minecraft:oak_planks":464,"jeg:scrap_workbench":1,"minecraft:chest":2,"minecraft:crafting_table":2,"minecraft:spruce_planks":52,"minecraft:bread":13,"jeg:scrap_block":1,"minecraft:stick":4,"minecraft:wooden_axe":1,"minecraft:oak_stairs":20},"minecraft:killed_by":{"minecraft:creeper":1,"minecraft:spider":1,"mowziesmobs:umvuthi":1,"minecraft:skeleton":4,"minecraft:zombie":8},"minecraft:broken":{"minecraft:shield":1,"minecraft:wooden_axe":1},"minecraft:killed":{"minecraft:spider":2,"minecraft:skeleton":3,"minecraft:drowned":1,"mowziesmobs:umvuthana":5,"minecraft:polar_bear":1,"minecraft:zombie":4},"minecraft:mined":{"minecraft:spruce_planks":1,"minecraft:white_bed":1,"minecraft:jungle_leaves":1,"minecraft:grass_block":91,"minecraft:spruce_leaves":3,"biomesoplenty:tundra_shrub":15,"minecraft:andesite":3,"treechop:chopped_log":18,"minecraft:peony":2,"minecraft:oak_stairs":3,"minecraft:stone":30,"jeg:scrap_ore":32,"minecraft:dandelion":1,"minecraft:powder_snow":37,"minecraft:crafting_table":2,"minecraft:chest":1,"minecraft:tall_grass":2,"minecraft:oak_planks":10,"jeg:scrap_workbench":1,"minecraft:sweet_berry_bush":1,"minecraft:wheat":3,"minecraft:ice":1,"minecraft:yellow_bed":4,"minecraft:grass":27,"minecraft:oak_log":5,"minecraft:coal_ore":49,"minecraft:gravel":2,"minecraft:dirt":34,"biomesoplenty:stringy_cobweb":1,"minecraft:oak_leaves":1,"minecraft:fern":5},"minecraft:dropped":{"minecraft:bread":30,"minecraft:golden_helmet":2,"minecraft:cobblestone":7,"minecraft:apple":2,"minecraft:stick":1,"minecraft:dirt":16,"minecraft:iron_axe":2,"minecraft:iron_pickaxe":1,"magistuarmory:corruptedroundshield":1,"jeg:tech_trash":3,"minecraft:spruce_sapling":1,"minecraft:sweet_berries":2,"minecraft:wheat":1,"minecraft:light_gray_wool":1,"minecraft:recovery_compass":1,"minecraft:spruce_planks":8,"minecraft:oak_sapling":1,"minecraft:golden_leggings":2,"minecraft:written_book":3}},"DataVersion":3465}