{"stats":{"minecraft:custom":{"minecraft:interact_with_smithing_table":1,"minecraft:mob_kills":10,"minecraft:interact_with_crafting_table":3,"minecraft:damage_dealt_resisted":32,"minecraft:leave_game":4,"minecraft:time_since_death":38020,"minecraft:sleep_in_bed":2,"minecraft:climb_one_cm":5725,"minecraft:time_since_rest":34533,"minecraft:sprint_one_cm":273054,"minecraft:damage_taken":2419,"minecraft:walk_one_cm":171638,"minecraft:damage_blocked_by_shield":2425,"minecraft:drop":19,"minecraft:damage_dealt":1807,"minecraft:swim_one_cm":41213,"minecraft:talked_to_villager":6,"minecraft:fly_one_cm":226483,"minecraft:open_chest":33,"minecraft:crouch_one_cm":3301,"minecraft:play_time":93335,"minecraft:deaths":4,"minecraft:sneak_time":1670,"minecraft:walk_under_water_one_cm":11472,"minecraft:interact_with_lectern":2,"minecraft:jump":1250,"minecraft:walk_on_water_one_cm":18812,"minecraft:total_world_time":93484,"minecraft:fall_one_cm":29926},"minecraft:mined":{"minecraft:white_bed":1,"jeg:scrap_ore":32,"minecraft:jungle_leaves":1,"minecraft:powder_snow":12,"minecraft:crafting_table":1,"minecraft:grass_block":2,"minecraft:tall_grass":2,"jeg:scrap_workbench":1,"minecraft:ice":1,"minecraft:wheat":3,"treechop:chopped_log":2,"minecraft:yellow_bed":3,"minecraft:peony":2,"minecraft:grass":9,"minecraft:oak_log":1,"minecraft:coal_ore":48,"minecraft:dirt":4,"minecraft:stone":23,"minecraft:oak_leaves":1},"minecraft:used":{"minecraft:wheat_seeds":3,"minecraft:leather_leggings":1,"minecraft:armor_stand":1,"minecraft:oak_planks":19,"minecraft:iron_sword":46,"minecraft:spruce_planks":13,"minecraft:leather_chestplate":1,"minecraft:shield":38,"minecraft:leather_boots":1,"minecraft:dirt":6,"minecraft:crafting_table":2,"minecraft:iron_hoe":1,"minecraft:apple":8,"minecraft:iron_axe":2,"minecraft:bread":25,"minecraft:string":3,"minecraft:iron_pickaxe":104,"minecraft:golden_helmet":1,"minecraft:golden_leggings":2,"jeg:scrap_workbench":1,"minecraft:cobblestone":23,"minecraft:yellow_bed":2,"minecraft:experience_bottle":1},"minecraft:killed_by":{"minecraft:skeleton":3,"mowziesmobs:umvuthi":1},"minecraft:dropped":{"minecraft:golden_helmet":2,"minecraft:wheat":1,"minecraft:light_gray_wool":1,"minecraft:apple":2,"minecraft:stick":1,"minecraft:dirt":15,"minecraft:spruce_planks":8,"minecraft:golden_leggings":2,"minecraft:oak_sapling":1,"minecraft:iron_axe":1,"minecraft:iron_pickaxe":1,"magistuarmory:corruptedroundshield":1,"minecraft:spruce_sapling":1},"minecraft:crafted":{"minecraft:oak_planks":24,"minecraft:crafting_table":2,"minecraft:spruce_planks":24,"minecraft:bread":13,"jeg:scrap_block":1,"jeg:scrap_workbench":1,"minecraft:stick":4},"minecraft:killed":{"minecraft:spider":2,"minecraft:skeleton":2,"minecraft:zombie":1,"mowziesmobs:umvuthana":5},"minecraft:picked_up":{"minecraft:crafting_table":1,"minecraft:iron_chestplate":2,"minecraft:wheat":3,"minecraft:feather":1,"minecraft:salmon":1,"minecraft:golden_leggings":9,"jeg:scrap_workbench":1,"minecraft:oak_log":6,"jeg:scrap":64,"minecraft:yellow_bed":3,"minecraft:shield":1,"minecraft:dirt":21,"minecraft:string":3,"minecraft:iron_axe":1,"minecraft:armor_stand":10,"minecraft:iron_leggings":2,"minecraft:cooked_mutton":1,"minecraft:iron_shovel":1,"minecraft:experience_bottle":1,"minecraft:apple":2,"mowziesmobs:umvuthana_mask_rage":1,"minecraft:bow":2,"minecraft:wheat_seeds":12,"minecraft:spruce_planks":6,"minecraft:iron_ingot":1,"minecraft:iron_pickaxe":3,"minecraft:light_gray_wool":1,"minecraft:iron_sword":1,"jeg:tech_trash":6,"minecraft:iron_boots":1,"minecraft:golden_helmet":9,"minecraft:stick":2,"minecraft:spruce_sapling":1,"minecraft:white_bed":1,"minecraft:spruce_log":6,"minecraft:iron_hoe":1,"minecraft:arrow":1,"minecraft:rotten_flesh":1,"minecraft:diamond":1,"minecraft:peony":1,"minecraft:iron_helmet":1,"magistuarmory:corruptedroundshield":1,"minecraft:golden_apple":1,"minecraft:emerald":2,"minecraft:oak_sapling":5,"minecraft:mutton":2,"minecraft:coal":48,"minecraft:snowball":10,"minecraft:white_wool":1,"minecraft:cobblestone":23}},"DataVersion":3465}