{"stats":{"minecraft:dropped":{"minecraft:golden_boots":1,"iceandfire:raw_silver":2,"minecraft:birch_planks":5,"minecraft:diamond":1,"minecraft:birch_sapling":5,"undead_revamp2:arapholia":1,"born_in_chaos_v1:ethereal_spirit":1,"born_in_chaos_v1:rotten_fish":1,"biomesoplenty:lavender":1,"minecraft:cobblestone":2,"minecraft:rotten_flesh":3,"minecraft:light_gray_wool":1,"man:cassette_1safetyinstructions":4,"minecraft:granite":3,"iceandfire:ectoplasm":3,"minecraft:pufferfish":1,"minecraft:stick":4,"minecraft:item_frame":1,"minecraft:emerald":1,"magistuarmory:chainmail_horse_armor":1,"born_in_chaos_v1:monster_flesh":2,"born_in_chaos_v1:corpse_maggot":2,"minecraft:horn_coral":1,"minecraft:arrow":1,"minecraft:wooden_pickaxe":1,"minecraft:written_book":2,"minecraft:white_wool":1,"minecraft:black_wool":1,"minecraft:armor_stand":1,"minecraft:bone":2},"minecraft:broken":{"minecraft:wooden_axe":1,"minecraft:stone_pickaxe":3},"minecraft:mined":{"jeg:scrap_ore":28,"iceandfire:silver_ore":7,"minecraft:torch":8,"minecraft:crafting_table":2,"minecraft:grass_block":3,"minecraft:granite":36,"minecraft:copper_ore":10,"minecraft:cobblestone":3,"minecraft:wall_torch":3,"minecraft:diorite":2,"minecraft:birch_sapling":1,"minecraft:birch_planks":8,"minecraft:furnace":1,"minecraft:birch_log":1,"minecraft:iron_ore":42,"biomesoplenty:lavender":1,"minecraft:andesite":54,"treechop:chopped_log":4,"minecraft:coal_ore":25,"minecraft:gravel":11,"minecraft:dirt":13,"minecraft:stone":209},"minecraft:crafted":{"minecraft:cooked_porkchop":15,"minecraft:crafting_table":2,"minecraft:wooden_pickaxe":1,"minecraft:furnace":2,"minecraft:birch_planks":92,"minecraft:stone_axe":1,"jeg:scrap_block":3,"minecraft:air":0,"minecraft:cooked_mutton":3,"jeg:scrap_workbench":1,"minecraft:stick":28,"minecraft:iron_ingot":8,"minecraft:iron_pickaxe":2,"minecraft:stone_pickaxe":3,"minecraft:wooden_axe":1,"minecraft:chest":2,"jeg:scrap":18,"minecraft:torch":16},"minecraft:killed_by":{"born_in_chaos_v1:decaying_zombie":1,"minecraft:zombie":1,"iceandfire:ghost":1},"minecraft:killed":{"born_in_chaos_v1:barrel_zombie":1,"minecraft:pig":6,"born_in_chaos_v1:restless_spirit":1,"born_in_chaos_v1:baby_skeleton":1,"undead_revamp2:the_moonflower":1,"born_in_chaos_v1:decrepit_skeleton":1,"born_in_chaos_v1:maggot":2,"minecraft:sheep":3,"minecraft:zombie":1,"iceandfire:ghost":4,"born_in_chaos_v1:dread_hound":1},"minecraft:used":{"minecraft:diorite":2,"minecraft:flint_and_steel":9,"minecraft:birch_planks":40,"minecraft:stone_pickaxe":391,"minecraft:wooden_pickaxe":3,"minecraft:chest":2,"minecraft:shield":10,"minecraft:iron_sword":45,"minecraft:torch":16,"minecraft:golden_apple":1,"minecraft:crafting_table":4,"minecraft:granite":1,"minecraft:wooden_axe":37,"minecraft:apple":4,"minecraft:iron_pickaxe":41,"minecraft:bread":6,"minecraft:birch_sapling":1,"jeg:scrap_workbench":1,"minecraft:stone_axe":1,"minecraft:cobblestone":58,"minecraft:furnace":3,"minecraft:cooked_porkchop":2,"minecraft:birch_log":1},"minecraft:custom":{"minecraft:interact_with_furnace":13,"minecraft:mob_kills":23,"minecraft:interact_with_crafting_table":19,"minecraft:leave_game":1,"minecraft:time_since_death":69486,"minecraft:climb_one_cm":735,"minecraft:time_since_rest":77440,"minecraft:sprint_one_cm":112137,"minecraft:damage_absorbed":40,"minecraft:damage_taken":1345,"minecraft:walk_one_cm":116436,"minecraft:damage_blocked_by_shield":450,"minecraft:drop":37,"minecraft:damage_dealt":3511,"minecraft:swim_one_cm":30043,"minecraft:fly_one_cm":134195,"minecraft:open_chest":20,"minecraft:crouch_one_cm":718,"minecraft:play_time":113146,"minecraft:deaths":3,"minecraft:sneak_time":775,"minecraft:walk_under_water_one_cm":9458,"minecraft:jump":719,"minecraft:walk_on_water_one_cm":11516,"minecraft:total_world_time":113146,"minecraft:fall_one_cm":16801},"minecraft:picked_up":{"biomesoplenty:lavender":1,"born_in_chaos_v1:corpse_maggot":2,"minecraft:iron_chestplate":1,"minecraft:crafting_table":2,"born_in_chaos_v1:monster_flesh":2,"minecraft:andesite":54,"minecraft:water_bucket":1,"minecraft:birch_planks":8,"minecraft:raw_copper":36,"iceandfire:ectoplasm":3,"jeg:scrap":54,"minecraft:shield":1,"minecraft:horn_coral":1,"minecraft:dirt":16,"minecraft:item_frame":1,"man:cassette_1safetyinstructions":2,"minecraft:flint_and_steel":1,"minecraft:cooked_mutton":2,"minecraft:iron_leggings":1,"minecraft:armor_stand":1,"minecraft:pufferfish":1,"minecraft:bone":2,"minecraft:bow":1,"minecraft:light_gray_wool":2,"minecraft:iron_boots":1,"minecraft:birch_sapling":6,"minecraft:iron_sword":1,"jeg:tech_trash":6,"minecraft:furnace":1,"minecraft:stick":4,"minecraft:raw_iron":40,"minecraft:torch":11,"born_in_chaos_v1:ethereal_spirit":1,"minecraft:gravel":11,"minecraft:porkchop":15,"minecraft:diorite":2,"minecraft:arrow":1,"minecraft:rotten_flesh":3,"minecraft:diamond":1,"minecraft:iron_helmet":1,"minecraft:granite":32,"minecraft:golden_apple":1,"minecraft:emerald":1,"born_in_chaos_v1:rotten_fish":1,"iceandfire:raw_silver":7,"minecraft:black_wool":1,"minecraft:mutton":5,"minecraft:coal":37,"undead_revamp2:arapholia":1,"minecraft:white_wool":1,"minecraft:cobblestone":211,"minecraft:birch_log":24}},"DataVersion":3465}