{"stats":{"minecraft:dropped":{"minecraft:golden_boots":1,"iceandfire:raw_silver":2,"minecraft:birch_planks":5,"minecraft:diamond":1,"minecraft:birch_sapling":5,"undead_revamp2:arapholia":1,"born_in_chaos_v1:ethereal_spirit":1,"born_in_chaos_v1:rotten_fish":1,"biomesoplenty:lavender":1,"minecraft:cobblestone":2,"minecraft:rotten_flesh":3,"minecraft:light_gray_wool":1,"man:cassette_1safetyinstructions":4,"minecraft:granite":3,"iceandfire:ectoplasm":3,"minecraft:pufferfish":1,"minecraft:stick":2,"minecraft:item_frame":1,"minecraft:emerald":1,"magistuarmory:chainmail_horse_armor":1,"born_in_chaos_v1:monster_flesh":2,"born_in_chaos_v1:corpse_maggot":2,"minecraft:horn_coral":1,"minecraft:arrow":1,"minecraft:wooden_pickaxe":1,"minecraft:written_book":2,"minecraft:white_wool":1,"minecraft:black_wool":1,"minecraft:armor_stand":1,"minecraft:bone":2},"minecraft:broken":{"minecraft:wooden_axe":1,"minecraft:stone_pickaxe":1},"minecraft:mined":{"jeg:scrap_ore":21,"iceandfire:silver_ore":5,"minecraft:crafting_table":2,"minecraft:grass_block":3,"minecraft:granite":8,"minecraft:birch_sapling":1,"minecraft:birch_planks":8,"minecraft:furnace":1,"minecraft:birch_log":1,"minecraft:iron_ore":6,"biomesoplenty:lavender":1,"minecraft:andesite":21,"treechop:chopped_log":4,"minecraft:coal_ore":15,"minecraft:gravel":11,"minecraft:dirt":13,"minecraft:stone":119},"minecraft:crafted":{"minecraft:cooked_porkchop":15,"minecraft:crafting_table":2,"minecraft:wooden_pickaxe":1,"minecraft:furnace":1,"minecraft:birch_planks":92,"minecraft:stone_axe":1,"jeg:scrap_block":3,"minecraft:air":0,"minecraft:cooked_mutton":3,"jeg:scrap_workbench":1,"minecraft:stick":20,"minecraft:stone_pickaxe":3,"minecraft:wooden_axe":1,"minecraft:chest":2,"jeg:scrap":18,"minecraft:torch":16},"minecraft:killed_by":{"born_in_chaos_v1:decaying_zombie":1,"minecraft:zombie":1,"iceandfire:ghost":1},"minecraft:killed":{"born_in_chaos_v1:barrel_zombie":1,"minecraft:pig":6,"born_in_chaos_v1:restless_spirit":1,"born_in_chaos_v1:baby_skeleton":1,"undead_revamp2:the_moonflower":1,"born_in_chaos_v1:decrepit_skeleton":1,"born_in_chaos_v1:maggot":2,"minecraft:sheep":3,"minecraft:zombie":1,"iceandfire:ghost":4,"born_in_chaos_v1:dread_hound":1},"minecraft:used":{"minecraft:flint_and_steel":9,"minecraft:birch_planks":40,"minecraft:stone_pickaxe":202,"minecraft:wooden_pickaxe":3,"minecraft:chest":2,"minecraft:shield":10,"minecraft:iron_sword":45,"minecraft:torch":3,"minecraft:golden_apple":1,"minecraft:crafting_table":4,"minecraft:wooden_axe":37,"minecraft:apple":4,"minecraft:bread":6,"minecraft:birch_sapling":1,"jeg:scrap_workbench":1,"minecraft:stone_axe":1,"minecraft:cobblestone":13,"minecraft:furnace":1,"minecraft:cooked_porkchop":2,"minecraft:birch_log":1},"minecraft:custom":{"minecraft:interact_with_furnace":5,"minecraft:mob_kills":23,"minecraft:interact_with_crafting_table":14,"minecraft:leave_game":1,"minecraft:time_since_death":57486,"minecraft:climb_one_cm":735,"minecraft:time_since_rest":65440,"minecraft:sprint_one_cm":100129,"minecraft:damage_absorbed":40,"minecraft:damage_taken":1345,"minecraft:walk_one_cm":97495,"minecraft:damage_blocked_by_shield":450,"minecraft:drop":36,"minecraft:damage_dealt":3511,"minecraft:swim_one_cm":30043,"minecraft:fly_one_cm":130181,"minecraft:open_chest":11,"minecraft:crouch_one_cm":690,"minecraft:play_time":101146,"minecraft:deaths":3,"minecraft:sneak_time":746,"minecraft:walk_under_water_one_cm":2942,"minecraft:jump":622,"minecraft:walk_on_water_one_cm":5914,"minecraft:total_world_time":101146,"minecraft:fall_one_cm":16580},"minecraft:picked_up":{"biomesoplenty:lavender":1,"born_in_chaos_v1:corpse_maggot":2,"minecraft:iron_chestplate":1,"minecraft:crafting_table":2,"born_in_chaos_v1:monster_flesh":2,"minecraft:andesite":21,"minecraft:water_bucket":1,"minecraft:birch_planks":8,"iceandfire:ectoplasm":3,"jeg:scrap":45,"minecraft:shield":1,"minecraft:horn_coral":1,"minecraft:dirt":16,"minecraft:item_frame":1,"man:cassette_1safetyinstructions":2,"minecraft:flint_and_steel":1,"minecraft:cooked_mutton":2,"minecraft:iron_leggings":1,"minecraft:armor_stand":1,"minecraft:pufferfish":1,"minecraft:bone":2,"minecraft:bow":1,"minecraft:light_gray_wool":2,"minecraft:iron_boots":1,"minecraft:birch_sapling":6,"minecraft:iron_sword":1,"jeg:tech_trash":3,"minecraft:furnace":1,"minecraft:stick":2,"minecraft:raw_iron":6,"born_in_chaos_v1:ethereal_spirit":1,"minecraft:gravel":11,"minecraft:porkchop":15,"minecraft:arrow":1,"minecraft:rotten_flesh":3,"minecraft:diamond":1,"minecraft:iron_helmet":1,"minecraft:granite":5,"minecraft:golden_apple":1,"minecraft:emerald":1,"born_in_chaos_v1:rotten_fish":1,"iceandfire:raw_silver":5,"minecraft:black_wool":1,"minecraft:mutton":5,"minecraft:coal":27,"undead_revamp2:arapholia":1,"minecraft:white_wool":1,"minecraft:cobblestone":118,"minecraft:birch_log":24}},"DataVersion":3465}