{"stats":{"minecraft:dropped":{"minecraft:golden_boots":1,"iceandfire:raw_silver":2,"minecraft:birch_planks":5,"minecraft:diamond":1,"biomesoplenty:lavender":1,"minecraft:cobblestone":2,"man:cassette_1safetyinstructions":4,"minecraft:granite":3,"iceandfire:ectoplasm":3,"minecraft:emerald":1,"minecraft:item_frame":1,"minecraft:stick":4,"minecraft:pufferfish":1,"born_in_chaos_v1:monster_flesh":2,"minecraft:horn_coral":1,"minecraft:white_wool":1,"minecraft:bone":2,"minecraft:armor_stand":1,"minecraft:birch_sapling":5,"born_in_chaos_v1:ethereal_spirit":1,"undead_revamp2:arapholia":1,"born_in_chaos_v1:rotten_fish":1,"minecraft:rotten_flesh":3,"minecraft:light_gray_wool":1,"minecraft:cooked_mutton":2,"magistuarmory:chainmail_horse_armor":1,"born_in_chaos_v1:corpse_maggot":2,"minecraft:arrow":1,"minecraft:wooden_pickaxe":1,"minecraft:written_book":2,"minecraft:black_wool":1},"minecraft:broken":{"minecraft:stone_pickaxe":3,"minecraft:iron_pickaxe":2,"minecraft:wooden_axe":1},"minecraft:mined":{"iceandfire:silver_ore":9,"minecraft:granite":70,"minecraft:grass_block":3,"born_in_chaos_v1:black_argillite":1,"minecraft:furnace":1,"minecraft:iron_ore":79,"biomesoplenty:lavender":1,"minecraft:andesite":70,"treechop:chopped_log":4,"minecraft:stone":445,"minecraft:green_bed":1,"jeg:scrap_ore":56,"minecraft:crafting_table":3,"minecraft:torch":9,"minecraft:copper_ore":61,"minecraft:cobblestone":11,"minecraft:lapis_ore":8,"minecraft:diorite":30,"minecraft:wall_torch":5,"minecraft:birch_sapling":1,"minecraft:birch_planks":8,"minecraft:birch_log":1,"minecraft:coal_ore":42,"minecraft:gravel":11,"minecraft:dirt":13,"minecraft:gold_ore":6},"minecraft:crafted":{"minecraft:furnace":2,"minecraft:cooked_mutton":3,"jeg:scrap_workbench":1,"minecraft:stone_pickaxe":3,"minecraft:chest":2,"minecraft:cooked_porkchop":15,"minecraft:crafting_table":2,"minecraft:wooden_pickaxe":1,"minecraft:birch_planks":92,"minecraft:stone_axe":1,"minecraft:air":0,"jeg:scrap_block":3,"minecraft:stick":28,"minecraft:iron_ingot":80,"minecraft:iron_pickaxe":3,"minecraft:wooden_axe":1,"jeg:scrap":18,"minecraft:torch":16},"minecraft:killed_by":{"born_in_chaos_v1:decaying_zombie":1,"minecraft:zombie":1,"iceandfire:ghost":1},"minecraft:killed":{"born_in_chaos_v1:restless_spirit":1,"born_in_chaos_v1:maggot":2,"artifacts:mimic":1,"born_in_chaos_v1:barrel_zombie":1,"minecraft:pig":6,"born_in_chaos_v1:baby_skeleton":1,"undead_revamp2:the_moonflower":1,"born_in_chaos_v1:decrepit_skeleton":1,"minecraft:sheep":3,"minecraft:zombie":2,"iceandfire:ghost":4,"born_in_chaos_v1:dread_hound":1},"minecraft:used":{"minecraft:flint_and_steel":9,"minecraft:chest":2,"minecraft:shield":11,"minecraft:iron_sword":61,"minecraft:torch":21,"minecraft:granite":1,"minecraft:wooden_axe":37,"minecraft:birch_sapling":1,"minecraft:furnace":3,"minecraft:cooked_mutton":3,"minecraft:diorite":2,"minecraft:birch_planks":40,"minecraft:stone_pickaxe":391,"minecraft:wooden_pickaxe":3,"minecraft:golden_apple":1,"minecraft:crafting_table":5,"minecraft:apple":4,"minecraft:bread":6,"minecraft:iron_pickaxe":514,"jeg:scrap_workbench":1,"minecraft:stone_axe":2,"minecraft:cobblestone":198,"minecraft:cooked_porkchop":2,"minecraft:birch_log":1},"minecraft:custom":{"minecraft:mob_kills":25,"minecraft:interact_with_crafting_table":22,"minecraft:open_barrel":2,"minecraft:leave_game":1,"minecraft:time_since_death":28355,"minecraft:climb_one_cm":735,"minecraft:sprint_one_cm":142757,"minecraft:walk_one_cm":165717,"minecraft:damage_blocked_by_shield":525,"minecraft:drop":38,"minecraft:play_time":149146,"minecraft:deaths":4,"minecraft:sneak_time":2375,"minecraft:walk_under_water_one_cm":10770,"minecraft:jump":931,"minecraft:walk_on_water_one_cm":16852,"minecraft:total_world_time":149146,"minecraft:interact_with_furnace":19,"minecraft:interact_with_cartography_table":1,"minecraft:time_since_rest":28459,"minecraft:damage_taken":1868,"minecraft:damage_absorbed":40,"minecraft:damage_dealt":4311,"minecraft:swim_one_cm":30043,"minecraft:fly_one_cm":150861,"minecraft:open_chest":26,"minecraft:crouch_one_cm":4001,"minecraft:fall_one_cm":17848},"minecraft:picked_up":{"minecraft:crafting_table":3,"minecraft:iron_chestplate":1,"minecraft:shield":1,"born_in_chaos_v1:black_argillite":1,"minecraft:raw_copper":214,"minecraft:flint_and_steel":1,"minecraft:iron_leggings":1,"minecraft:armor_stand":1,"minecraft:item_frame":1,"minecraft:pufferfish":1,"minecraft:light_gray_wool":2,"minecraft:furnace":1,"minecraft:birch_sapling":6,"minecraft:iron_boots":1,"minecraft:stick":4,"minecraft:raw_iron":80,"minecraft:torch":14,"minecraft:green_bed":1,"minecraft:porkchop":15,"minecraft:diorite":30,"minecraft:arrow":1,"minecraft:rotten_flesh":6,"minecraft:birch_log":24,"minecraft:mutton":5,"undead_revamp2:arapholia":1,"minecraft:white_wool":1,"minecraft:cobblestone":454,"biomesoplenty:lavender":1,"born_in_chaos_v1:corpse_maggot":2,"born_in_chaos_v1:monster_flesh":2,"minecraft:water_bucket":1,"minecraft:andesite":70,"minecraft:birch_planks":8,"iceandfire:ectoplasm":3,"jeg:scrap":106,"minecraft:horn_coral":1,"minecraft:lapis_lazuli":52,"minecraft:dirt":16,"man:cassette_1safetyinstructions":2,"minecraft:cooked_mutton":4,"minecraft:bone":2,"minecraft:bow":1,"minecraft:raw_gold":6,"minecraft:iron_ingot":3,"artifacts:kitty_slippers":1,"jeg:tech_trash":13,"minecraft:iron_sword":1,"born_in_chaos_v1:ethereal_spirit":1,"minecraft:gravel":11,"minecraft:diamond":1,"minecraft:iron_helmet":1,"minecraft:granite":66,"minecraft:golden_apple":1,"minecraft:emerald":1,"born_in_chaos_v1:rotten_fish":1,"minecraft:black_wool":1,"minecraft:coal":54,"iceandfire:raw_silver":9}},"DataVersion":3465}