{"stats":{"minecraft:dropped":{"minecraft:wheat_seeds":1,"minecraft:cobbled_deepslate":4,"minecraft:crafting_table":1,"minecraft:recovery_compass":1,"biomesoplenty:fir_sapling":20,"biomesoplenty:fir_planks":192,"minecraft:diorite":4,"magistuarmory:rusted_bastardsword":2,"minecraft:wooden_pickaxe":1,"minecraft:stone_pickaxe":1,"minecraft:string":1,"minecraft:written_book":8,"minecraft:bone":4},"minecraft:crafted":{"minecraft:wooden_pickaxe":1,"minecraft:furnace":1,"minecraft:stone_axe":1,"minecraft:air":0,"biomesoplenty:fir_planks":200,"minecraft:stick":8,"minecraft:iron_ingot":8,"minecraft:iron_pickaxe":2,"minecraft:stone_pickaxe":2,"minecraft:torch":32},"minecraft:killed":{"minecraft:cave_spider":1,"minecraft:witch":1,"minecraft:skeleton":4,"minecraft:zombie":6},"minecraft:picked_up":{"minecraft:crafting_table":2,"minecraft:andesite":8,"biomesoplenty:fir_sapling":22,"biomesoplenty:fir_log":84,"jeg:scrap":3,"minecraft:string":1,"minecraft:dirt":21,"minecraft:bone":4,"minecraft:wheat_seeds":1,"minecraft:cobbled_deepslate":7,"biomesoplenty:fir_planks":65,"minecraft:written_book":2,"minecraft:furnace":1,"minecraft:stick":12,"minecraft:raw_iron":8,"minecraft:torch":3,"minecraft:diorite":5,"magistuarmory:rustedchainmail_leggings":1,"minecraft:arrow":3,"minecraft:rotten_flesh":9,"magistuarmory:rusted_bastardsword":4,"magistuarmory:rustedcrusader_boots":1,"sophisticatedbackpacks:copper_backpack":1,"minecraft:coal":19,"minecraft:cobblestone":146},"minecraft:mined":{"jeg:scrap_ore":1,"minecraft:crafting_table":2,"minecraft:grass_block":4,"biomesoplenty:fir_planks":1,"minecraft:diorite":5,"minecraft:wall_torch":2,"minecraft:furnace":1,"minecraft:iron_ore":8,"minecraft:andesite":8,"treechop:chopped_log":2,"minecraft:grass":3,"minecraft:coal_ore":19,"biomesoplenty:webbing":2,"minecraft:dirt":10,"minecraft:stone":146,"biomesoplenty:spider_egg":1,"minecraft:deepslate":6},"minecraft:killed_by":{"minecraft:cave_spider":1,"minecraft:skeleton":3,"minecraft:creeper":2,"minecraft:spider":1,"minecraft:witch":1,"minecraft:zombie":2},"minecraft:custom":{"minecraft:interact_with_furnace":5,"minecraft:mob_kills":13,"minecraft:interact_with_crafting_table":13,"minecraft:damage_dealt_resisted":302,"minecraft:leave_game":1,"minecraft:time_since_death":4498,"minecraft:time_since_rest":4537,"minecraft:sprint_one_cm":60382,"minecraft:damage_taken":3447,"minecraft:walk_one_cm":93245,"minecraft:drop":23,"minecraft:damage_dealt":2664,"minecraft:fly_one_cm":42292,"minecraft:crouch_one_cm":1842,"minecraft:play_time":39581,"minecraft:deaths":11,"minecraft:sneak_time":975,"minecraft:jump":363,"minecraft:total_world_time":39581,"minecraft:fall_one_cm":13626},"minecraft:used":{"minecraft:diorite":1,"minecraft:stone_pickaxe":107,"minecraft:wooden_pickaxe":6,"biomesoplenty:fir_planks":1,"minecraft:rotten_flesh":1,"minecraft:torch":21,"minecraft:crafting_table":1,"biomesoplenty:fir_sapling":2,"minecraft:iron_pickaxe":85,"minecraft:stone_axe":38,"minecraft:cobblestone":9,"minecraft:written_book":1,"minecraft:furnace":1,"magistuarmory:rusted_bastardsword":33,"minecraft:andesite":1}},"DataVersion":3465}